title,system
Final Fantasy XV,PS4
Horizon: ZD - The Frozen Wilds DLC,PS4
Ratchet and Clank (NG+),PS4
Sky Force,PS4
Final Fantasy VII,PS4
Sonic Mania,PS4
Horizon: Zero Dawn,PS4
Everybody’s Gone to the Rapture,PS4
Wonderboy 3: The Dragon’s Trap,PS4
Nex Machina,PS4
The Talos Principle,PC
Uncharted 4,PS4
Nier:Automata,PS4
Bayonetta,PC
Bastion,PC
Full Throttle,PC
Last Guardian,PS4
Sam & Max: Season 2,PC
Sonic Generations,PC
7th Guest,PC
Cave Story+,PC
Torchlight,PC
Uncharted Collection,PS4
Path of Exile,PC
Rayman Legends,XBONE
Disgaea,PC
Fez,PS4
Ratchet and Clank,PS4
The Witness,PC
Grim Fandango Remastered,PC
Firewatch,PC
